company_name,country,city,job_name,job_type,date
Siemens,"Cypress, CA",,"DOD SkillBridge Internship - Technical Sales - Cypress, CA",external,2023-04-19
Philips,"Charleston, WV",Flexible / Remote,Clinical Solution Consultant - General Imaging Ultrasound (West Virginia and Western Virginia),external,2024-05-16
Lyft,"Santa Fe, NM",,Drive with Lyft - Features made for women + enby drivers,external,2024-06-13
CVS Health,"Lakeland, FL",,Shift Supervisor Trainee,external,2024-06-06
CVS Health,"Mesquite, TX",,Retail Store Manager,external,2024-06-06
CVS Health,"Mason, OH",,Pharmacy Technician,external,2024-06-06
Siemens,"Paris, France",,Responsable de lot Essais et int√©gration en usine h/f,external,2023-04-14
Siemens,"Bielefeld, Germany",,Technischer Trainer (w/m/d) TIA Portal und SIMATIC S7,external,2023-02-08
CVS Health,"Lafayette, LA",,Dist Suppt Pharmacist FT,external,2024-06-06
CVS Health,"Houston, TX",,Store Associate,external,2024-06-06
CVS Health,"Kokomo, IN",,Store Associate,external,2024-06-06
Cisco Meraki,"Netanya, Israel",,Verification Tech Lead,external,2023-06-20
CVS Health,"Watsonville, CA",,CA District Support Pharmacist FT,external,2024-06-06
CVS Health,"Plainview, NY",,Licensed Beauty Sales Consultant,external,2024-06-06
CVS Health,"Newport Beach, CA",,Store Associate,external,2024-04-12
Lyft,"Merrillville, IN",,Drive with Lyft - Signing up is Easy,external,2024-06-13
Bank of America,"Charlotte, NC",,Manager-Sustainability Accounting Policy & Reporting/ Corporate Sustainability Controller Group (CFO),external,2024-06-29
CVS Health,"Dennis, MA",,Shift Supervisor Trainee,external,2024-06-06
CVS Health,"Mililani Town, HI",,Operations Supervisor,external,2024-06-06
CVS Health,"Reno, NV",,Pharmacy Technician,external,2024-06-06
